datetime,temp,windspeed,humidity,cloudcover,precip,temp_lag1,temp_lag2,temp_lag3,temp_lag4,temp_lag5,temp_lag6,temp_lag7
2024-05-04,32.9,14.8,22.4,56.4,0.0,30.5,28.8,28.2,29.8,31.0,31.3,31.6
2024-05-05,34.0,14.8,23.2,15.8,0.0,32.9,30.5,28.8,28.2,29.8,31.0,31.3
2024-05-06,34.3,20.5,26.6,15.7,0.0,34.0,32.9,30.5,28.8,28.2,29.8,31.0
2024-05-07,34.3,16.6,32.0,39.3,0.0,34.3,34.0,32.9,30.5,28.8,28.2,29.8
2024-05-08,32.3,20.5,49.7,20.6,0.0,34.3,34.3,34.0,32.9,30.5,28.8,28.2
2024-05-09,31.6,20.5,47.8,1.2,0.0,32.3,34.3,34.3,34.0,32.9,30.5,28.8
2024-05-10,32.6,27.7,48.4,24.1,0.0,31.6,32.3,34.3,34.3,34.0,32.9,30.5
2024-05-11,31.9,27.7,40.4,50.5,0.126,32.6,31.6,32.3,34.3,34.3,34.0,32.9
2024-05-12,33.1,13.0,40.5,44.2,0.0,31.9,32.6,31.6,32.3,34.3,34.3,34.0
2024-05-13,34.2,16.6,33.4,39.9,0.0,33.1,31.9,32.6,31.6,32.3,34.3,34.3
2024-05-14,34.0,20.5,28.4,17.6,0.0,34.2,33.1,31.9,32.6,31.6,32.3,34.3
2024-05-15,34.4,16.6,23.0,0.0,0.0,34.0,34.2,33.1,31.9,32.6,31.6,32.3
2024-05-16,35.2,13.0,27.8,0.3,0.0,34.4,34.0,34.2,33.1,31.9,32.6,31.6
2024-05-17,37.2,16.6,24.4,12.5,0.0,35.2,34.4,34.0,34.2,33.1,31.9,32.6
2024-05-18,37.3,18.4,24.5,14.2,0.0,37.2,35.2,34.4,34.0,34.2,33.1,31.9
2024-05-19,38.2,18.4,22.1,14.3,0.0,37.3,37.2,35.2,34.4,34.0,34.2,33.1
2024-05-20,38.0,18.4,22.1,30.1,0.0,38.2,37.3,37.2,35.2,34.4,34.0,34.2
2024-05-21,35.8,18.4,39.2,24.1,0.0,38.0,38.2,37.3,37.2,35.2,34.4,34.0
2024-05-22,35.9,18.4,43.6,17.5,0.0,35.8,38.0,38.2,37.3,37.2,35.2,34.4
2024-05-23,35.2,22.3,44.4,21.2,0.0,35.9,35.8,38.0,38.2,37.3,37.2,35.2
2024-05-24,35.4,22.3,43.0,4.4,0.0,35.2,35.9,35.8,38.0,38.2,37.3,37.2
2024-05-25,37.4,18.4,34.8,9.2,0.0,35.4,35.2,35.9,35.8,38.0,38.2,37.3
2024-05-26,38.1,16.6,25.4,0.0,0.0,37.4,35.4,35.2,35.9,35.8,38.0,38.2
2024-05-27,38.7,16.6,23.7,0.4,0.0,38.1,37.4,35.4,35.2,35.9,35.8,38.0
2024-05-28,38.7,16.6,22.2,0.0,0.0,38.7,38.1,37.4,35.4,35.2,35.9,35.8
2024-05-29,37.9,16.6,25.8,27.3,0.0,38.7,38.7,38.1,37.4,35.4,35.2,35.9
2024-05-30,39.1,18.4,22.2,24.0,0.0,37.9,38.7,38.7,38.1,37.4,35.4,35.2
2024-05-31,38.7,18.4,23.8,14.7,0.0,39.1,37.9,38.7,38.7,38.1,37.4,35.4
2024-06-01,36.6,18.4,26.5,65.6,0.0,38.7,39.1,37.9,38.7,38.7,38.1,37.4
2024-06-02,36.7,16.6,28.4,52.8,0.0,36.6,38.7,39.1,37.9,38.7,38.7,38.1
2024-06-03,37.2,14.8,28.3,22.8,0.0,36.7,36.6,38.7,39.1,37.9,38.7,38.7
2024-06-04,37.1,18.4,31.6,49.2,0.0,37.2,36.7,36.6,38.7,39.1,37.9,38.7
2024-06-05,37.8,27.7,27.8,31.3,0.0,37.1,37.2,36.7,36.6,38.7,39.1,37.9
2024-06-06,33.8,28.7,38.4,29.2,0.628,37.8,37.1,37.2,36.7,36.6,38.7,39.1
2024-06-07,35.7,18.4,29.3,25.9,0.0,33.8,37.8,37.1,37.2,36.7,36.6,38.7
2024-06-08,35.8,18.4,29.0,34.5,0.0,35.7,33.8,37.8,37.1,37.2,36.7,36.6
2024-06-09,36.1,18.4,24.4,4.5,0.0,35.8,35.7,33.8,37.8,37.1,37.2,36.7
2024-06-10,37.4,18.4,22.3,23.2,0.0,36.1,35.8,35.7,33.8,37.8,37.1,37.2
2024-06-11,37.4,16.6,22.5,30.9,0.0,37.4,36.1,35.8,35.7,33.8,37.8,37.1
2024-06-12,37.8,16.6,22.9,15.0,0.0,37.4,37.4,36.1,35.8,35.7,33.8,37.8
2024-06-13,38.9,18.4,22.6,29.7,0.0,37.8,37.4,37.4,36.1,35.8,35.7,33.8
2024-06-14,37.8,21.6,28.3,47.1,0.0,38.9,37.8,37.4,37.4,36.1,35.8,35.7
2024-06-15,38.3,27.7,27.3,26.9,0.0,37.8,38.9,37.8,37.4,37.4,36.1,35.8
2024-06-16,39.2,24.1,27.0,12.3,0.0,38.3,37.8,38.9,37.8,37.4,37.4,36.1
2024-06-17,39.6,20.2,28.0,14.0,0.0,39.2,38.3,37.8,38.9,37.8,37.4,37.4
2024-06-18,39.6,23.6,30.5,24.1,0.0,39.6,39.2,38.3,37.8,38.9,37.8,37.4
2024-06-19,38.9,26.1,32.7,37.9,0.0,39.6,39.6,39.2,38.3,37.8,38.9,37.8
2024-06-20,33.7,20.2,45.3,55.6,0.0,38.9,39.6,39.6,39.2,38.3,37.8,38.9
2024-06-21,31.9,16.2,59.9,65.3,2.883,33.7,38.9,39.6,39.6,39.2,38.3,37.8
2024-06-22,33.2,16.6,55.3,61.4,0.0,31.9,33.7,38.9,39.6,39.6,39.2,38.3
2024-06-23,33.4,18.4,58.6,62.1,2.983,33.2,31.9,33.7,38.9,39.6,39.6,39.2
2024-06-24,33.1,18.4,65.2,86.7,0.702,33.4,33.2,31.9,33.7,38.9,39.6,39.6
2024-06-25,33.7,11.2,63.0,78.8,0.0,33.1,33.4,33.2,31.9,33.7,38.9,39.6
2024-06-26,32.9,18.4,66.5,83.0,0.745,33.7,33.1,33.4,33.2,31.9,33.7,38.9
2024-06-27,30.5,22.3,80.2,78.3,15.052,32.9,33.7,33.1,33.4,33.2,31.9,33.7
2024-06-28,28.9,18.4,86.4,79.8,173.265,30.5,32.9,33.7,33.1,33.4,33.2,31.9
2024-06-29,30.4,13.1,83.7,73.1,5.65,28.9,30.5,32.9,33.7,33.1,33.4,33.2
2024-06-30,32.6,14.8,75.9,66.4,0.0,30.4,28.9,30.5,32.9,33.7,33.1,33.4
2024-07-01,32.1,11.2,72.7,66.2,0.0,32.6,30.4,28.9,30.5,32.9,33.7,33.1
2024-07-02,32.7,14.8,71.8,88.7,0.0,32.1,32.6,30.4,28.9,30.5,32.9,33.7
2024-07-03,29.5,14.8,87.0,80.9,10.861,32.7,32.1,32.6,30.4,28.9,30.5,32.9
2024-07-04,28.6,11.3,90.0,85.0,1.568,29.5,32.7,32.1,32.6,30.4,28.9,30.5
2024-07-05,29.6,18.4,87.2,81.8,0.377,28.6,29.5,32.7,32.1,32.6,30.4,28.9
2024-07-06,29.6,14.8,85.7,84.4,0.074,29.6,28.6,29.5,32.7,32.1,32.6,30.4
2024-07-07,29.7,18.4,76.7,70.7,0.0,29.6,29.6,28.6,29.5,32.7,32.1,32.6
2024-07-08,28.2,18.4,83.5,61.7,0.0,29.7,29.6,29.6,28.6,29.5,32.7,32.1
2024-07-09,29.6,18.4,86.5,69.1,22.438,28.2,29.7,29.6,29.6,28.6,29.5,32.7
2024-07-10,30.9,14.8,84.4,80.7,15.584,29.6,28.2,29.7,29.6,29.6,28.6,29.5
2024-07-11,33.4,12.0,72.8,55.7,3.139,30.9,29.6,28.2,29.7,29.6,29.6,28.6
2024-07-12,31.4,16.6,64.4,74.0,0.0,33.4,30.9,29.6,28.2,29.7,29.6,29.6
2024-07-13,30.3,15.5,77.4,67.8,16.788,31.4,33.4,30.9,29.6,28.2,29.7,29.6
2024-07-14,32.3,13.0,72.9,59.9,0.0,30.3,31.4,33.4,30.9,29.6,28.2,29.7
2024-07-15,31.3,14.8,79.1,58.7,13.796,32.3,30.3,31.4,33.4,30.9,29.6,28.2
2024-07-16,33.2,18.4,73.3,49.8,0.0,31.3,32.3,30.3,31.4,33.4,30.9,29.6
2024-07-17,32.6,14.0,77.1,42.0,0.0,33.2,31.3,32.3,30.3,31.4,33.4,30.9
2024-07-18,31.0,18.4,83.5,67.1,4.372,32.6,33.2,31.3,32.3,30.3,31.4,33.4
2024-07-19,31.4,14.8,82.9,54.6,0.0,31.0,32.6,33.2,31.3,32.3,30.3,31.4
2024-07-20,32.3,11.2,75.1,45.5,0.0,31.4,31.0,32.6,33.2,31.3,32.3,30.3
2024-07-21,32.6,20.5,76.9,63.8,4.394,32.3,31.4,31.0,32.6,33.2,31.3,32.3
2024-07-22,30.9,16.6,84.6,70.3,22.81,32.6,32.3,31.4,31.0,32.6,33.2,31.3
2024-07-23,31.3,11.2,84.8,55.4,2.606,30.9,32.6,32.3,31.4,31.0,32.6,33.2
2024-07-24,30.0,14.8,87.6,74.0,27.438,31.3,30.9,32.6,32.3,31.4,31.0,32.6
2024-07-25,31.2,9.6,83.5,69.8,6.905,30.0,31.3,30.9,32.6,32.3,31.4,31.0
2024-07-26,30.9,11.2,85.2,85.1,24.189,31.2,30.0,31.3,30.9,32.6,32.3,31.4
2024-07-27,31.2,16.6,85.7,78.2,0.0,30.9,31.2,30.0,31.3,30.9,32.6,32.3
2024-07-28,32.9,14.8,74.6,56.5,0.074,31.2,30.9,31.2,30.0,31.3,30.9,32.6
2024-07-29,33.5,16.6,70.6,44.0,0.0,32.9,31.2,30.9,31.2,30.0,31.3,30.9
2024-07-30,34.3,13.0,68.9,48.8,0.0,33.5,32.9,31.2,30.9,31.2,30.0,31.3
2024-07-31,31.8,18.4,78.8,74.0,82.459,34.3,33.5,32.9,31.2,30.9,31.2,30.0
2024-08-01,28.8,11.2,85.3,91.5,10.65,31.8,34.3,33.5,32.9,31.2,30.9,31.2
2024-08-02,29.6,13.0,86.3,78.9,4.606,28.8,31.8,34.3,33.5,32.9,31.2,30.9
2024-08-03,30.2,16.6,81.7,66.4,0.325,29.6,28.8,31.8,34.3,33.5,32.9,31.2
2024-08-04,30.5,18.7,77.5,77.9,3.511,30.2,29.6,28.8,31.8,34.3,33.5,32.9
2024-08-05,30.0,20.5,79.8,66.5,0.0,30.5,30.2,29.6,28.8,31.8,34.3,33.5
2024-08-06,29.9,13.0,80.3,74.2,0.0,30.0,30.5,30.2,29.6,28.8,31.8,34.3
2024-08-07,28.1,11.2,92.5,94.3,19.127,29.9,30.0,30.5,30.2,29.6,28.8,31.8
2024-08-08,28.5,18.4,89.8,90.9,19.381,28.1,29.9,30.0,30.5,30.2,29.6,28.8
2024-08-09,29.0,13.0,89.0,89.3,21.84,28.5,28.1,29.9,30.0,30.5,30.2,29.6
2024-08-10,28.9,13.0,89.5,73.6,0.702,29.0,28.5,28.1,29.9,30.0,30.5,30.2
2024-08-11,27.3,14.8,94.1,95.3,36.977,28.9,29.0,28.5,28.1,29.9,30.0,30.5
2024-08-12,27.5,13.0,95.2,89.3,13.7,27.3,28.9,29.0,28.5,28.1,29.9,30.0
2024-08-13,28.8,14.8,90.7,87.6,50.577,27.5,27.3,28.9,29.0,28.5,28.1,29.9
2024-08-14,30.5,14.8,84.0,71.5,0.0,28.8,27.5,27.3,28.9,29.0,28.5,28.1
2024-08-15,29.9,18.4,90.0,88.1,17.26,30.5,28.8,27.5,27.3,28.9,29.0,28.5
2024-08-16,30.0,16.6,85.9,82.4,6.277,29.9,30.5,28.8,27.5,27.3,28.9,29.0
2024-08-17,30.1,11.2,83.8,81.3,4.095,30.0,29.9,30.5,28.8,27.5,27.3,28.9
2024-08-18,30.7,16.6,81.1,64.7,0.0,30.1,30.0,29.9,30.5,28.8,27.5,27.3
2024-08-19,30.8,14.8,79.6,67.0,0.0,30.7,30.1,30.0,29.9,30.5,28.8,27.5
2024-08-20,28.6,18.4,86.5,81.6,1.0,30.8,30.7,30.1,30.0,29.9,30.5,28.8
2024-08-21,30.4,13.0,77.4,68.7,0.0,28.6,30.8,30.7,30.1,30.0,29.9,30.5
2024-08-22,31.0,13.1,76.4,58.8,2.511,30.4,28.6,30.8,30.7,30.1,30.0,29.9
2024-08-23,28.4,11.2,86.8,75.3,0.0,31.0,30.4,28.6,30.8,30.7,30.1,30.0
2024-08-24,30.3,11.2,82.1,63.5,0.0,28.4,31.0,30.4,28.6,30.8,30.7,30.1
2024-08-25,30.3,16.0,79.3,62.5,2.61,30.3,28.4,31.0,30.4,28.6,30.8,30.7
2024-08-26,29.9,37.1,82.4,68.3,0.163,30.3,30.3,28.4,31.0,30.4,28.6,30.8
2024-08-27,28.4,18.4,86.2,85.9,14.483,29.9,30.3,30.3,28.4,31.0,30.4,28.6
2024-08-28,28.0,16.6,88.3,87.7,13.983,28.4,29.9,30.3,30.3,28.4,31.0,30.4
2024-08-29,27.1,16.6,94.8,91.1,74.344,28.0,28.4,29.9,30.3,30.3,28.4,31.0
2024-08-30,29.4,18.4,82.6,44.8,0.745,27.1,28.0,28.4,29.9,30.3,30.3,28.4
2024-08-31,30.8,14.8,80.4,47.7,0.0,29.4,27.1,28.0,28.4,29.9,30.3,30.3
2024-09-01,31.7,11.2,77.1,45.7,0.0,30.8,29.4,27.1,28.0,28.4,29.9,30.3
2024-09-02,29.3,13.0,86.5,72.6,14.884,31.7,30.8,29.4,27.1,28.0,28.4,29.9
2024-09-03,30.8,18.4,79.6,65.4,0.0,29.3,31.7,30.8,29.4,27.1,28.0,28.4
2024-09-04,27.0,14.8,90.4,85.9,10.125,30.8,29.3,31.7,30.8,29.4,27.1,28.0
2024-09-05,28.2,7.6,85.6,79.2,1.861,27.0,30.8,29.3,31.7,30.8,29.4,27.1
2024-09-06,28.1,15.2,87.4,85.6,23.226,28.2,27.0,30.8,29.3,31.7,30.8,29.4
2024-09-07,27.4,20.5,88.8,91.3,5.216,28.1,28.2,27.0,30.8,29.3,31.7,30.8
2024-09-08,27.1,13.0,95.1,85.6,0.349,27.4,28.1,28.2,27.0,30.8,29.3,31.7
2024-09-09,28.8,16.6,90.3,58.8,5.584,27.1,27.4,28.1,28.2,27.0,30.8,29.3
2024-09-10,28.1,18.4,88.2,72.3,7.861,28.8,27.1,27.4,28.1,28.2,27.0,30.8
2024-09-11,28.3,14.0,87.1,86.6,1.553,28.1,28.8,27.1,27.4,28.1,28.2,27.0
2024-09-12,26.1,18.4,95.5,94.7,14.841,28.3,28.1,28.8,27.1,27.4,28.1,28.2
2024-09-13,24.0,20.5,98.3,95.9,33.182,26.1,28.3,28.1,28.8,27.1,27.4,28.1
2024-09-14,26.5,16.6,88.3,81.6,52.54,24.0,26.1,28.3,28.1,28.8,27.1,27.4
2024-09-15,28.1,16.6,81.5,61.9,0.074,26.5,24.0,26.1,28.3,28.1,28.8,27.1
2024-09-16,28.9,20.5,78.4,47.4,0.0,28.1,26.5,24.0,26.1,28.3,28.1,28.8
2024-09-17,29.0,13.0,78.3,62.1,0.0,28.9,28.1,26.5,24.0,26.1,28.3,28.1
2024-09-18,25.8,18.4,90.1,91.3,8.488,29.0,28.9,28.1,26.5,24.0,26.1,28.3
2024-09-19,26.7,20.5,88.7,84.6,1.995,25.8,29.0,28.9,28.1,26.5,24.0,26.1
2024-09-20,29.1,11.2,76.3,51.1,0.0,26.7,25.8,29.0,28.9,28.1,26.5,24.0
2024-09-21,30.0,9.4,75.9,41.1,0.0,29.1,26.7,25.8,29.0,28.9,28.1,26.5
2024-09-22,30.9,7.6,74.7,38.5,0.0,30.0,29.1,26.7,25.8,29.0,28.9,28.1
2024-09-23,30.9,11.2,79.2,27.8,0.0,30.9,30.0,29.1,26.7,25.8,29.0,28.9
2024-09-24,31.6,9.4,75.9,32.7,0.0,30.9,30.9,30.0,29.1,26.7,25.8,29.0
2024-09-25,30.8,18.4,78.1,53.3,0.0,31.6,30.9,30.9,30.0,29.1,26.7,25.8
2024-09-26,29.6,14.8,79.3,59.4,0.149,30.8,31.6,30.9,30.9,30.0,29.1,26.7
2024-09-27,29.2,18.4,76.4,42.1,0.0,29.6,30.8,31.6,30.9,30.9,30.0,29.1
2024-09-28,27.8,14.8,78.3,61.0,0.0,29.2,29.6,30.8,31.6,30.9,30.9,30.0
2024-09-29,28.7,14.8,77.9,54.4,0.0,27.8,29.2,29.6,30.8,31.6,30.9,30.9
2024-09-30,29.4,14.8,77.9,38.5,0.0,28.7,27.8,29.2,29.6,30.8,31.6,30.9
2024-10-01,29.6,16.6,78.1,9.1,0.0,29.4,28.7,27.8,29.2,29.6,30.8,31.6
2024-10-02,30.7,14.8,67.5,1.8,0.0,29.6,29.4,28.7,27.8,29.2,29.6,30.8
2024-10-03,30.3,16.6,62.0,0.0,0.0,30.7,29.6,29.4,28.7,27.8,29.2,29.6
2024-10-04,30.4,16.6,66.0,12.1,0.0,30.3,30.7,29.6,29.4,28.7,27.8,29.2
2024-10-05,30.2,18.4,67.7,28.2,0.0,30.4,30.3,30.7,29.6,29.4,28.7,27.8
2024-10-06,30.0,16.6,60.9,7.2,0.0,30.2,30.4,30.3,30.7,29.6,29.4,28.7
2024-10-07,29.3,11.2,66.5,0.0,0.0,30.0,30.2,30.4,30.3,30.7,29.6,29.4
2024-10-08,28.8,11.2,64.2,5.0,0.0,29.3,30.0,30.2,30.4,30.3,30.7,29.6
2024-10-09,28.2,14.8,64.5,8.1,0.0,28.8,29.3,30.0,30.2,30.4,30.3,30.7
2024-10-10,27.8,14.8,59.9,19.9,0.0,28.2,28.8,29.3,30.0,30.2,30.4,30.3
2024-10-11,26.9,14.8,61.1,12.3,0.0,27.8,28.2,28.8,29.3,30.0,30.2,30.4
2024-10-12,27.2,14.8,58.9,15.1,0.0,26.9,27.8,28.2,28.8,29.3,30.0,30.2
2024-10-13,27.6,14.8,52.5,29.1,0.0,27.2,26.9,27.8,28.2,28.8,29.3,30.0
2024-10-14,27.1,16.6,51.8,23.8,0.0,27.6,27.2,26.9,27.8,28.2,28.8,29.3
2024-10-15,26.6,13.0,53.1,2.3,0.0,27.1,27.6,27.2,26.9,27.8,28.2,28.8
2024-10-16,27.2,7.6,53.9,50.1,0.0,26.6,27.1,27.6,27.2,26.9,27.8,28.2
2024-10-17,28.0,7.6,54.2,42.6,0.0,27.2,26.6,27.1,27.6,27.2,26.9,27.8
2024-10-18,28.0,7.7,53.0,0.0,0.0,28.0,27.2,26.6,27.1,27.6,27.2,26.9
2024-10-19,28.4,13.0,53.2,0.3,0.0,28.0,28.0,27.2,26.6,27.1,27.6,27.2
2024-10-20,28.0,13.0,63.1,3.1,0.0,28.4,28.0,28.0,27.2,26.6,27.1,27.6
2024-10-21,27.3,14.8,68.9,0.4,0.0,28.0,28.4,28.0,28.0,27.2,26.6,27.1
2024-10-22,26.9,9.4,67.2,0.4,0.0,27.3,28.0,28.4,28.0,28.0,27.2,26.6
2024-10-23,26.7,18.4,66.8,0.6,0.0,26.9,27.3,28.0,28.4,28.0,28.0,27.2
2024-10-24,26.5,16.6,60.0,0.0,0.0,26.7,26.9,27.3,28.0,28.4,28.0,28.0
2024-10-25,25.7,20.5,61.3,0.0,0.0,26.5,26.7,26.9,27.3,28.0,28.4,28.0
2024-10-26,25.9,16.6,57.2,0.0,0.0,25.7,26.5,26.7,26.9,27.3,28.0,28.4
2024-10-27,26.7,7.6,67.9,0.4,0.0,25.9,25.7,26.5,26.7,26.9,27.3,28.0
2024-10-28,27.2,11.2,64.3,2.7,0.0,26.7,25.9,25.7,26.5,26.7,26.9,27.3
2024-10-29,27.7,11.2,66.5,0.0,0.0,27.2,26.7,25.9,25.7,26.5,26.7,26.9
2024-10-30,28.2,9.4,60.3,0.3,0.0,27.7,27.2,26.7,25.9,25.7,26.5,26.7
2024-10-31,27.0,16.6,63.2,0.0,0.0,28.2,27.7,27.2,26.7,25.9,25.7,26.5
2024-11-01,25.1,16.6,53.8,0.0,0.0,27.0,28.2,27.7,27.2,26.7,25.9,25.7
2024-11-02,25.1,7.6,55.2,0.0,0.0,25.1,27.0,28.2,27.7,27.2,26.7,25.9
2024-11-03,24.4,9.4,57.1,0.0,0.0,25.1,25.1,27.0,28.2,27.7,27.2,26.7
2024-11-04,23.9,7.6,62.9,0.0,0.0,24.4,25.1,25.1,27.0,28.2,27.7,27.2
2024-11-05,24.4,11.2,63.0,0.5,0.0,23.9,24.4,25.1,25.1,27.0,28.2,27.7
2024-11-06,24.3,7.6,65.1,5.3,0.0,24.4,23.9,24.4,25.1,25.1,27.0,28.2
2024-11-07,24.7,7.6,67.2,1.8,0.0,24.3,24.4,23.9,24.4,25.1,25.1,27.0
2024-11-08,24.5,7.8,70.6,2.1,0.0,24.7,24.3,24.4,23.9,24.4,25.1,25.1
2024-11-09,25.1,11.2,69.2,1.3,0.0,24.5,24.7,24.3,24.4,23.9,24.4,25.1
2024-11-10,24.6,7.6,72.6,1.8,0.0,25.1,24.5,24.7,24.3,24.4,23.9,24.4
2024-11-11,24.6,5.4,71.1,8.5,0.0,24.6,25.1,24.5,24.7,24.3,24.4,23.9
2024-11-12,24.7,14.8,63.9,4.9,0.0,24.6,24.6,25.1,24.5,24.7,24.3,24.4
2024-11-13,21.2,9.4,84.0,37.8,0.0,24.7,24.6,24.6,25.1,24.5,24.7,24.3
2024-11-14,22.2,7.6,73.0,20.1,0.0,21.2,24.7,24.6,24.6,25.1,24.5,24.7
2024-11-15,22.8,14.8,64.8,5.4,0.0,22.2,21.2,24.7,24.6,24.6,25.1,24.5
2024-11-16,22.1,9.4,66.0,0.2,0.0,22.8,22.2,21.2,24.7,24.6,24.6,25.1
2024-11-17,20.3,16.6,75.3,23.5,0.0,22.1,22.8,22.2,21.2,24.7,24.6,24.6
2024-11-18,18.2,13.3,85.7,78.2,0.0,20.3,22.1,22.8,22.2,21.2,24.7,24.6
2024-11-19,18.2,9.4,70.9,21.3,0.0,18.2,20.3,22.1,22.8,22.2,21.2,24.7
2024-11-20,18.5,9.4,64.2,0.0,0.0,18.2,18.2,20.3,22.1,22.8,22.2,21.2
2024-11-21,18.2,9.4,59.5,0.0,0.0,18.5,18.2,18.2,20.3,22.1,22.8,22.2
2024-11-22,18.6,7.6,65.3,0.0,0.0,18.2,18.5,18.2,18.2,20.3,22.1,22.8
2024-11-23,19.8,7.6,63.0,0.2,0.0,18.6,18.2,18.5,18.2,18.2,20.3,22.1
2024-11-24,20.4,14.8,58.6,0.1,0.0,19.8,18.6,18.2,18.5,18.2,18.2,20.3
2024-11-25,19.2,14.8,68.8,0.7,0.0,20.4,19.8,18.6,18.2,18.5,18.2,18.2
2024-11-26,18.7,13.0,64.9,0.0,0.0,19.2,20.4,19.8,18.6,18.2,18.5,18.2
2024-11-27,18.5,11.2,60.0,0.0,0.0,18.7,19.2,20.4,19.8,18.6,18.2,18.5
2024-11-28,18.0,9.4,62.1,0.0,0.0,18.5,18.7,19.2,20.4,19.8,18.6,18.2
2024-11-29,17.7,7.6,63.1,4.2,0.0,18.0,18.5,18.7,19.2,20.4,19.8,18.6
2024-11-30,17.8,11.2,65.6,0.0,0.0,17.7,18.0,18.5,18.7,19.2,20.4,19.8
2024-12-01,18.6,14.8,64.0,0.0,0.0,17.8,17.7,18.0,18.5,18.7,19.2,20.4
2024-12-02,18.6,9.4,67.2,0.0,0.0,18.6,17.8,17.7,18.0,18.5,18.7,19.2
2024-12-03,18.8,14.8,66.0,2.2,0.0,18.6,18.6,17.8,17.7,18.0,18.5,18.7
2024-12-04,18.7,18.4,57.7,0.0,0.0,18.8,18.6,18.6,17.8,17.7,18.0,18.5
2024-12-05,16.8,20.8,49.9,0.0,0.0,18.7,18.8,18.6,18.6,17.8,17.7,18.0
2024-12-06,16.5,14.8,51.9,0.0,0.0,16.8,18.7,18.8,18.6,18.6,17.8,17.7
2024-12-07,15.8,7.6,53.2,0.0,0.0,16.5,16.8,18.7,18.8,18.6,18.6,17.8
2024-12-08,16.2,16.6,56.6,34.6,0.063,15.8,16.5,16.8,18.7,18.8,18.6,18.6
2024-12-09,14.8,11.2,68.7,11.1,0.0,16.2,15.8,16.5,16.8,18.7,18.8,18.6
2024-12-10,14.0,20.5,60.8,0.0,0.0,14.8,16.2,15.8,16.5,16.8,18.7,18.8
2024-12-11,13.3,14.8,46.9,0.0,0.0,14.0,14.8,16.2,15.8,16.5,16.8,18.7
2024-12-12,13.4,11.2,55.2,0.0,0.0,13.3,14.0,14.8,16.2,15.8,16.5,16.8
2024-12-13,13.9,20.5,54.5,6.3,0.0,13.4,13.3,14.0,14.8,16.2,15.8,16.5
2024-12-14,13.8,18.4,49.9,0.0,0.0,13.9,13.4,13.3,14.0,14.8,16.2,15.8
2024-12-15,13.3,9.4,55.5,0.0,0.0,13.8,13.9,13.4,13.3,14.0,14.8,16.2
2024-12-16,12.9,7.6,67.8,0.0,0.0,13.3,13.8,13.9,13.4,13.3,14.0,14.8
2024-12-17,13.8,11.2,70.1,3.4,0.0,12.9,13.3,13.8,13.9,13.4,13.3,14.0
2024-12-18,12.8,9.4,78.4,8.3,0.0,13.8,12.9,13.3,13.8,13.9,13.4,13.3
2024-12-19,13.5,13.0,72.8,0.1,0.0,12.8,13.8,12.9,13.3,13.8,13.9,13.4
2024-12-20,15.2,7.6,74.2,6.5,0.0,13.5,12.8,13.8,12.9,13.3,13.8,13.9
2024-12-21,14.6,11.2,73.3,0.0,0.0,15.2,13.5,12.8,13.8,12.9,13.3,13.8
2024-12-22,15.2,9.4,70.2,13.2,0.0,14.6,15.2,13.5,12.8,13.8,12.9,13.3
2024-12-23,14.6,11.2,77.3,64.4,0.424,15.2,14.6,15.2,13.5,12.8,13.8,12.9
2024-12-24,14.9,11.2,80.2,61.1,1.628,14.6,15.2,14.6,15.2,13.5,12.8,13.8
2024-12-25,14.6,11.2,82.0,24.0,0.0,14.9,14.6,15.2,14.6,15.2,13.5,12.8
2024-12-26,15.4,7.6,76.1,5.5,0.0,14.6,14.9,14.6,15.2,14.6,15.2,13.5
2024-12-27,14.6,18.4,93.9,87.8,45.489,15.4,14.6,14.9,14.6,15.2,14.6,15.2
2024-12-28,14.9,9.4,95.9,93.6,3.766,14.6,15.4,14.6,14.9,14.6,15.2,14.6
2024-12-29,13.3,18.4,93.6,68.0,0.0,14.9,14.6,15.4,14.6,14.9,14.6,15.2
2024-12-30,11.3,14.8,93.2,47.1,0.0,13.3,14.9,14.6,15.4,14.6,14.9,14.6
2024-12-31,11.6,7.6,86.4,43.9,0.0,11.3,13.3,14.9,14.6,15.4,14.6,14.9
2025-01-01,10.4,11.7,91.2,31.7,0.0,11.6,11.3,13.3,14.9,14.6,15.4,14.6
2025-01-02,10.4,11.2,91.2,36.5,0.0,10.4,11.6,11.3,13.3,14.9,14.6,15.4
2025-01-03,12.0,6.9,91.1,38.9,0.0,10.4,10.4,11.6,11.3,13.3,14.9,14.6
2025-01-04,12.6,11.2,92.9,42.0,0.0,12.0,10.4,10.4,11.6,11.3,13.3,14.9
2025-01-05,12.0,13.0,89.0,27.0,0.0,12.6,12.0,10.4,10.4,11.6,11.3,13.3
2025-01-06,12.5,12.4,90.8,53.2,0.372,12.0,12.6,12.0,10.4,10.4,11.6,11.3
2025-01-07,12.4,17.1,92.9,47.4,0.0,12.5,12.0,12.6,12.0,10.4,10.4,11.6
2025-01-08,12.8,21.0,79.2,16.5,0.0,12.4,12.5,12.0,12.6,12.0,10.4,10.4
2025-01-09,13.3,10.6,76.2,3.2,0.0,12.8,12.4,12.5,12.0,12.6,12.0,10.4
2025-01-10,11.8,9.9,90.1,30.0,0.0,13.3,12.8,12.4,12.5,12.0,12.6,12.0
2025-01-11,12.2,17.2,92.9,68.6,0.749,11.8,13.3,12.8,12.4,12.5,12.0,12.6
2025-01-12,12.6,11.2,91.1,72.2,0.0,12.2,11.8,13.3,12.8,12.4,12.5,12.0
2025-01-13,12.6,14.1,90.4,30.3,0.0,12.6,12.2,11.8,13.3,12.8,12.4,12.5
2025-01-14,12.9,12.4,87.0,16.0,0.0,12.6,12.6,12.2,11.8,13.3,12.8,12.4
2025-01-15,11.9,10.0,93.3,52.8,0.186,12.9,12.6,12.6,12.2,11.8,13.3,12.8
2025-01-16,13.5,9.4,88.9,54.7,6.047,11.9,12.9,12.6,12.6,12.2,11.8,13.3
2025-01-17,11.8,17.2,91.1,26.9,0.0,13.5,11.9,12.9,12.6,12.6,12.2,11.8
2025-01-18,13.7,10.0,85.0,51.6,0.0,11.8,13.5,11.9,12.9,12.6,12.6,12.2
2025-01-19,16.8,8.8,78.5,25.6,0.0,13.7,11.8,13.5,11.9,12.9,12.6,12.6
2025-01-20,16.6,16.0,78.6,9.0,0.0,16.8,13.7,11.8,13.5,11.9,12.9,12.6
2025-01-21,16.0,16.0,74.4,3.2,0.0,16.6,16.8,13.7,11.8,13.5,11.9,12.9
2025-01-22,16.0,11.7,75.9,14.3,0.0,16.0,16.6,16.8,13.7,11.8,13.5,11.9
2025-01-23,17.2,17.4,70.3,25.2,0.314,16.0,16.0,16.6,16.8,13.7,11.8,13.5
2025-01-24,15.6,19.1,66.8,0.0,0.0,17.2,16.0,16.0,16.6,16.8,13.7,11.8
2025-01-25,14.7,19.8,60.2,0.0,0.0,15.6,17.2,16.0,16.0,16.6,16.8,13.7
2025-01-26,14.4,16.6,60.0,0.0,0.0,14.7,15.6,17.2,16.0,16.0,16.6,16.8
2025-01-27,14.2,17.1,66.5,0.0,0.0,14.4,14.7,15.6,17.2,16.0,16.0,16.6
2025-01-28,14.7,11.7,64.6,0.0,0.0,14.2,14.4,14.7,15.6,17.2,16.0,16.0
2025-01-29,15.9,14.8,71.0,7.0,0.0,14.7,14.2,14.4,14.7,15.6,17.2,16.0
2025-01-30,17.2,13.0,75.8,0.0,0.0,15.9,14.7,14.2,14.4,14.7,15.6,17.2
2025-01-31,17.5,8.1,81.3,3.4,0.0,17.2,15.9,14.7,14.2,14.4,14.7,15.6
2025-02-01,16.6,9.4,86.6,39.1,0.0,17.5,17.2,15.9,14.7,14.2,14.4,14.7
2025-02-02,15.4,13.5,85.6,25.2,0.0,16.6,17.5,17.2,15.9,14.7,14.2,14.4
2025-02-03,15.5,9.9,72.0,13.1,0.0,15.4,16.6,17.5,17.2,15.9,14.7,14.2
2025-02-04,18.4,11.7,65.4,74.4,0.126,15.5,15.4,16.6,17.5,17.2,15.9,14.7
2025-02-05,16.1,18.4,70.0,12.3,0.0,18.4,15.5,15.4,16.6,17.5,17.2,15.9
2025-02-06,16.3,18.4,58.7,2.8,0.0,16.1,18.4,15.5,15.4,16.6,17.5,17.2
2025-02-07,14.9,19.2,55.2,15.5,0.0,16.3,16.1,18.4,15.5,15.4,16.6,17.5
2025-02-08,16.2,16.6,52.8,7.3,0.0,14.9,16.3,16.1,18.4,15.5,15.4,16.6
2025-02-09,17.0,8.1,59.3,20.1,0.0,16.2,14.9,16.3,16.1,18.4,15.5,15.4
2025-02-10,18.3,8.8,62.7,29.4,0.0,17.0,16.2,14.9,16.3,16.1,18.4,15.5
2025-02-11,19.4,10.6,59.7,6.1,0.0,18.3,17.0,16.2,14.9,16.3,16.1,18.4
2025-02-12,18.4,24.2,60.0,1.3,0.0,19.4,18.3,17.0,16.2,14.9,16.3,16.1
2025-02-13,17.7,19.6,52.5,3.3,0.0,18.4,19.4,18.3,17.0,16.2,14.9,16.3
2025-02-14,17.3,23.0,51.0,2.5,0.0,17.7,18.4,19.4,18.3,17.0,16.2,14.9
2025-02-15,18.7,9.4,51.4,19.2,0.0,17.3,17.7,18.4,19.4,18.3,17.0,16.2
2025-02-16,19.7,13.0,58.7,24.9,0.0,18.7,17.3,17.7,18.4,19.4,18.3,17.0
2025-02-17,19.9,8.1,60.0,33.9,0.0,19.7,18.7,17.3,17.7,18.4,19.4,18.3
2025-02-18,20.3,11.8,57.0,45.5,0.0,19.9,19.7,18.7,17.3,17.7,18.4,19.4
2025-02-19,19.8,11.1,56.1,41.2,0.0,20.3,19.9,19.7,18.7,17.3,17.7,18.4
2025-02-20,20.4,22.0,68.4,61.0,0.639,19.8,20.3,19.9,19.7,18.7,17.3,17.7
2025-02-21,19.5,16.6,65.6,29.6,0.5,20.4,19.8,20.3,19.9,19.7,18.7,17.3
2025-02-22,17.4,17.8,75.1,18.1,0.0,19.5,20.4,19.8,20.3,19.9,19.7,18.7
2025-02-23,18.3,12.4,66.1,0.0,0.0,17.4,19.5,20.4,19.8,20.3,19.9,19.7
2025-02-24,19.0,13.6,68.6,7.1,0.0,18.3,17.4,19.5,20.4,19.8,20.3,19.9
2025-02-25,19.9,8.1,62.6,29.3,0.0,19.0,18.3,17.4,19.5,20.4,19.8,20.3
2025-02-26,23.5,10.6,56.1,56.2,0.0,19.9,19.0,18.3,17.4,19.5,20.4,19.8
2025-02-27,21.8,17.8,63.5,83.2,0.0,23.5,19.9,19.0,18.3,17.4,19.5,20.4
2025-02-28,21.4,14.5,67.8,76.9,5.2,21.8,23.5,19.9,19.0,18.3,17.4,19.5
2025-03-01,21.6,17.2,76.4,62.7,0.874,21.4,21.8,23.5,19.9,19.0,18.3,17.4
2025-03-02,20.2,17.3,61.1,4.5,0.0,21.6,21.4,21.8,23.5,19.9,19.0,18.3
2025-03-03,21.0,11.8,49.6,11.0,0.0,20.2,21.6,21.4,21.8,23.5,19.9,19.0
2025-03-04,21.0,21.6,56.1,20.5,0.0,21.0,20.2,21.6,21.4,21.8,23.5,19.9
2025-03-05,17.4,27.7,51.7,0.0,0.0,21.0,21.0,20.2,21.6,21.4,21.8,23.5
2025-03-06,18.7,21.0,41.5,0.0,0.0,17.4,21.0,21.0,20.2,21.6,21.4,21.8
2025-03-07,19.9,17.1,48.0,0.2,0.0,18.7,17.4,21.0,21.0,20.2,21.6,21.4
2025-03-08,21.6,16.6,50.2,2.9,0.0,19.9,18.7,17.4,21.0,21.0,20.2,21.6
2025-03-09,23.8,10.5,50.2,11.4,0.0,21.6,19.9,18.7,17.4,21.0,21.0,20.2
2025-03-10,24.5,18.4,49.0,30.7,0.0,23.8,21.6,19.9,18.7,17.4,21.0,21.0
2025-03-11,25.6,12.4,52.3,34.3,0.0,24.5,23.8,21.6,19.9,18.7,17.4,21.0
2025-03-12,24.4,18.4,63.4,27.2,0.0,25.6,24.5,23.8,21.6,19.9,18.7,17.4
2025-03-13,25.3,10.0,56.6,51.9,0.0,24.4,25.6,24.5,23.8,21.6,19.9,18.7
2025-03-14,25.5,12.4,55.3,46.1,0.0,25.3,24.4,25.6,24.5,23.8,21.6,19.9
2025-03-15,24.9,18.4,50.0,45.3,0.0,25.5,25.3,24.4,25.6,24.5,23.8,21.6
2025-03-16,23.8,19.1,55.1,17.6,0.0,24.9,25.5,25.3,24.4,25.6,24.5,23.8
2025-03-17,22.8,17.8,58.9,17.4,0.0,23.8,24.9,25.5,25.3,24.4,25.6,24.5
2025-03-18,22.6,17.2,56.2,6.5,0.0,22.8,23.8,24.9,25.5,25.3,24.4,25.6
2025-03-19,24.0,18.4,48.6,10.9,0.0,22.6,22.8,23.8,24.9,25.5,25.3,24.4
2025-03-20,25.2,20.5,46.9,1.6,0.0,24.0,22.6,22.8,23.8,24.9,25.5,25.3
2025-03-21,24.0,17.5,49.2,0.0,0.0,25.2,24.0,22.6,22.8,23.8,24.9,25.5
2025-03-22,24.4,14.8,48.8,13.8,0.0,24.0,25.2,24.0,22.6,22.8,23.8,24.9
2025-03-23,25.3,9.4,43.9,0.0,0.0,24.4,24.0,25.2,24.0,22.6,22.8,23.8
2025-03-24,26.2,11.2,41.9,0.0,0.0,25.3,24.4,24.0,25.2,24.0,22.6,22.8
2025-03-25,27.7,13.0,37.2,0.0,0.0,26.2,25.3,24.4,24.0,25.2,24.0,22.6
2025-03-26,29.3,12.4,35.7,0.0,0.0,27.7,26.2,25.3,24.4,24.0,25.2,24.0
2025-03-27,29.0,18.6,35.8,26.0,0.0,29.3,27.7,26.2,25.3,24.4,24.0,25.2
2025-03-28,25.3,19.8,33.7,2.1,0.0,29.0,29.3,27.7,26.2,25.3,24.4,24.0
2025-03-29,22.3,20.7,28.3,32.3,0.0,25.3,29.0,29.3,27.7,26.2,25.3,24.4
2025-03-30,24.0,18.4,29.9,21.8,0.0,22.3,25.3,29.0,29.3,27.7,26.2,25.3
2025-03-31,25.5,15.3,30.7,0.0,0.0,24.0,22.3,25.3,29.0,29.3,27.7,26.2
2025-04-01,26.1,24.8,28.4,0.0,0.0,25.5,24.0,22.3,25.3,29.0,29.3,27.7
2025-04-02,26.6,18.7,31.8,0.0,0.0,26.1,25.5,24.0,22.3,25.3,29.0,29.3
2025-04-03,28.5,10.6,29.7,19.4,0.0,26.6,26.1,25.5,24.0,22.3,25.3,29.0
2025-04-04,29.7,16.6,25.6,19.1,0.0,28.5,26.6,26.1,25.5,24.0,22.3,25.3
2025-04-05,28.3,16.0,31.4,0.2,0.0,29.7,28.5,26.6,26.1,25.5,24.0,22.3
2025-04-06,29.1,16.6,33.5,1.1,0.0,28.3,29.7,28.5,26.6,26.1,25.5,24.0
2025-04-07,31.3,9.4,32.2,0.4,0.0,29.1,28.3,29.7,28.5,26.6,26.1,25.5
2025-04-08,32.4,14.8,32.1,0.0,0.0,31.3,29.1,28.3,29.7,28.5,26.6,26.1
2025-04-09,33.4,14.2,38.0,0.0,0.0,32.4,31.3,29.1,28.3,29.7,28.5,26.6
2025-04-10,32.2,18.4,34.9,42.8,0.0,33.4,32.4,31.3,29.1,28.3,29.7,28.5
2025-04-11,27.1,30.4,58.0,47.1,1.184,32.2,33.4,32.4,31.3,29.1,28.3,29.7
2025-04-12,27.0,17.8,52.4,31.8,0.0,27.1,32.2,33.4,32.4,31.3,29.1,28.3
2025-04-13,29.4,11.7,39.2,26.4,0.0,27.0,27.1,32.2,33.4,32.4,31.3,29.1
2025-04-14,29.8,14.2,42.5,6.7,0.0,29.4,27.0,27.1,32.2,33.4,32.4,31.3
2025-04-15,30.7,14.8,40.2,14.1,0.0,29.8,29.4,27.0,27.1,32.2,33.4,32.4
2025-04-16,31.8,13.6,38.7,11.4,0.0,30.7,29.8,29.4,27.0,27.1,32.2,33.4
2025-04-17,33.1,18.4,35.6,13.4,0.0,31.8,30.7,29.8,29.4,27.0,27.1,32.2
2025-04-18,32.2,17.2,45.0,14.9,0.0,33.1,31.8,30.7,29.8,29.4,27.0,27.1
2025-04-19,31.6,19.2,47.0,12.8,0.0,32.2,33.1,31.8,30.7,29.8,29.4,27.0
2025-04-20,32.5,16.6,46.3,16.9,0.0,31.6,32.2,33.1,31.8,30.7,29.8,29.4
2025-04-21,33.0,15.3,29.4,24.6,0.0,32.5,31.6,32.2,33.1,31.8,30.7,29.8
2025-04-22,31.3,18.4,16.7,6.6,0.0,33.0,32.5,31.6,32.2,33.1,31.8,30.7
2025-04-23,31.0,21.3,18.4,0.0,0.0,31.3,33.0,32.5,31.6,32.2,33.1,31.8
2025-04-24,32.2,16.6,18.0,0.0,0.0,31.0,31.3,33.0,32.5,31.6,32.2,33.1
2025-04-25,32.8,13.6,21.1,4.8,0.0,32.2,31.0,31.3,33.0,32.5,31.6,32.2
2025-04-26,32.4,16.0,22.7,38.2,0.0,32.8,32.2,31.0,31.3,33.0,32.5,31.6
2025-04-27,33.2,14.8,20.0,28.4,0.0,32.4,32.8,32.2,31.0,31.3,33.0,32.5
2025-04-28,33.0,15.4,28.3,0.0,0.0,33.2,32.4,32.8,32.2,31.0,31.3,33.0
2025-04-29,30.6,20.5,42.2,0.0,0.0,33.0,33.2,32.4,32.8,32.2,31.0,31.3
2025-04-30,31.3,22.3,45.0,0.0,0.0,30.6,33.0,33.2,32.4,32.8,32.2,31.0
2025-05-01,32.1,17.8,47.0,6.1,0.0,31.3,30.6,33.0,33.2,32.4,32.8,32.2
2025-05-02,25.4,23.3,70.3,67.1,17.626,32.1,31.3,30.6,33.0,33.2,32.4,32.8
2025-05-03,28.2,16.0,63.2,54.7,0.0,25.4,32.1,31.3,30.6,33.0,33.2,32.4
2025-05-04,30.3,15.3,53.4,63.4,0.0,28.2,25.4,32.1,31.3,30.6,33.0,33.2
2025-05-05,27.6,18.4,56.7,65.7,1.117,30.3,28.2,25.4,32.1,31.3,30.6,33.0
2025-05-06,28.9,17.1,54.8,43.6,0.0,27.6,30.3,28.2,25.4,32.1,31.3,30.6
2025-05-07,29.2,17.1,57.2,65.5,0.0,28.9,27.6,30.3,28.2,25.4,32.1,31.3
2025-05-08,30.6,17.8,53.5,65.5,0.149,29.2,28.9,27.6,30.3,28.2,25.4,32.1
2025-05-09,30.9,16.0,53.3,46.9,1.861,30.6,29.2,28.9,27.6,30.3,28.2,25.4
2025-05-10,29.9,19.0,60.5,49.4,9.277,30.9,30.6,29.2,28.9,27.6,30.3,28.2
2025-05-11,31.2,31.8,52.8,22.9,0.0,29.9,30.9,30.6,29.2,28.9,27.6,30.3
2025-05-12,32.5,17.2,37.8,44.3,0.0,31.2,29.9,30.9,30.6,29.2,28.9,27.6
2025-05-13,31.6,16.0,40.7,58.8,2.359,32.5,31.2,29.9,30.9,30.6,29.2,28.9
2025-05-14,32.7,15.4,38.9,14.8,0.0,31.6,32.5,31.2,29.9,30.9,30.6,29.2
2025-05-15,34.1,15.2,30.9,8.2,0.0,32.7,31.6,32.5,31.2,29.9,30.9,30.6
2025-05-16,33.9,16.6,36.5,26.7,0.739,34.1,32.7,31.6,32.5,31.2,29.9,30.9
2025-05-17,33.7,15.3,37.2,55.4,0.435,33.9,34.1,32.7,31.6,32.5,31.2,29.9
2025-05-18,35.1,16.6,38.1,9.7,0.0,33.7,33.9,34.1,32.7,31.6,32.5,31.2
2025-05-19,34.1,17.8,54.1,1.9,0.0,35.1,33.7,33.9,34.1,32.7,31.6,32.5
2025-05-20,34.8,17.1,51.6,7.3,0.0,34.1,35.1,33.7,33.9,34.1,32.7,31.6
2025-05-21,33.6,27.3,55.7,27.7,3.723,34.8,34.1,35.1,33.7,33.9,34.1,32.7
2025-05-22,29.4,21.1,59.3,17.5,7.533,33.6,34.8,34.1,35.1,33.7,33.9,34.1
2025-05-23,31.7,19.8,58.1,0.0,0.0,29.4,33.6,34.8,34.1,35.1,33.7,33.9
2025-05-24,33.6,18.4,52.1,31.1,0.0,31.7,29.4,33.6,34.8,34.1,35.1,33.7
2025-05-25,27.0,30.6,77.8,67.0,76.16,33.6,31.7,29.4,33.6,34.8,34.1,35.1
2025-05-26,29.8,17.1,73.5,45.1,0.0,27.0,33.6,31.7,29.4,33.6,34.8,34.1
2025-05-27,32.0,14.7,63.1,14.7,0.0,29.8,27.0,33.6,31.7,29.4,33.6,34.8
2025-05-28,33.5,9.4,61.2,17.7,0.0,32.0,29.8,27.0,33.6,31.7,29.4,33.6
2025-05-29,32.8,25.9,57.0,62.2,0.0,33.5,32.0,29.8,27.0,33.6,31.7,29.4
2025-05-30,31.1,20.5,53.4,75.3,0.0,32.8,33.5,32.0,29.8,27.0,33.6,31.7
2025-05-31,32.1,14.2,48.5,57.9,0.0,31.1,32.8,33.5,32.0,29.8,27.0,33.6
2025-06-01,30.0,21.2,54.8,85.9,13.277,32.1,31.1,32.8,33.5,32.0,29.8,27.0
2025-06-02,30.1,20.5,52.2,65.6,2.978,30.0,32.1,31.1,32.8,33.5,32.0,29.8
2025-06-03,29.2,16.0,52.2,71.6,0.1,30.1,30.0,32.1,31.1,32.8,33.5,32.0
2025-06-04,29.1,18.4,54.5,67.9,0.0,29.2,30.1,30.0,32.1,31.1,32.8,33.5
2025-06-05,30.5,14.7,48.0,59.3,0.0,29.1,29.2,30.1,30.0,32.1,31.1,32.8
2025-06-06,32.5,11.8,48.7,27.8,0.0,30.5,29.1,29.2,30.1,30.0,32.1,31.1
2025-06-07,34.3,9.9,44.3,9.5,0.0,32.5,30.5,29.1,29.2,30.1,30.0,32.1
2025-06-08,36.4,16.6,39.4,0.8,0.0,34.3,32.5,30.5,29.1,29.2,30.1,30.0
2025-06-09,37.1,17.2,33.7,0.0,0.0,36.4,34.3,32.5,30.5,29.1,29.2,30.1
2025-06-10,37.0,18.1,25.6,0.0,0.0,37.1,36.4,34.3,32.5,30.5,29.1,29.2
2025-06-11,37.3,19.8,33.7,0.7,0.0,37.0,37.1,36.4,34.3,32.5,30.5,29.1
2025-06-12,36.9,14.2,49.1,16.7,0.0,37.3,37.0,37.1,36.4,34.3,32.5,30.5
2025-06-13,35.3,18.4,53.8,23.5,0.0,36.9,37.3,37.0,37.1,36.4,34.3,32.5
2025-06-14,35.7,13.0,54.7,24.6,0.0,35.3,36.9,37.3,37.0,37.1,36.4,34.3
2025-06-15,32.1,34.0,61.7,67.9,5.584,35.7,35.3,36.9,37.3,37.0,37.1,36.4
2025-06-16,31.5,14.8,65.0,72.9,0.0,32.1,35.7,35.3,36.9,37.3,37.0,37.1
2025-06-17,29.3,15.9,81.0,86.9,32.839,31.5,32.1,35.7,35.3,36.9,37.3,37.0
2025-06-18,29.6,9.9,80.4,86.3,0.0,29.3,31.5,32.1,35.7,35.3,36.9,37.3
2025-06-19,31.1,14.8,72.9,65.3,0.0,29.6,29.3,31.5,32.1,35.7,35.3,36.9
2025-06-20,30.4,18.4,75.8,71.9,0.0,31.1,29.6,29.3,31.5,32.1,35.7,35.3
2025-06-21,31.8,14.2,72.3,67.8,0.628,30.4,31.1,29.6,29.3,31.5,32.1,35.7
2025-06-22,31.9,14.2,71.5,67.5,0.0,31.8,30.4,31.1,29.6,29.3,31.5,32.1
2025-06-23,31.7,15.9,72.4,69.4,2.511,31.9,31.8,30.4,31.1,29.6,29.3,31.5
2025-06-24,31.2,16.0,77.2,79.1,0.0,31.7,31.9,31.8,30.4,31.1,29.6,29.3
2025-06-25,31.3,18.4,80.4,78.9,0.0,31.2,31.7,31.9,31.8,30.4,31.1,29.6
2025-06-26,32.9,17.2,67.8,51.2,0.335,31.3,31.2,31.7,31.9,31.8,30.4,31.1
2025-06-27,33.4,17.8,62.9,54.1,0.0,32.9,31.3,31.2,31.7,31.9,31.8,30.4
2025-06-28,30.6,17.2,74.9,78.4,3.35,33.4,32.9,31.3,31.2,31.7,31.9,31.8
2025-06-29,28.3,13.5,85.8,90.4,10.233,30.6,33.4,32.9,31.3,31.2,31.7,31.9
2025-06-30,27.5,11.7,90.3,97.7,8.978,28.3,30.6,33.4,32.9,31.3,31.2,31.7
2025-07-01,29.6,14.2,80.3,91.2,7.06,27.5,28.3,30.6,33.4,32.9,31.3,31.2
2025-07-02,31.4,14.8,74.5,60.4,1.0,29.6,27.5,28.3,30.6,33.4,32.9,31.3
2025-07-03,31.9,17.1,73.4,53.4,0.0,31.4,29.6,27.5,28.3,30.6,33.4,32.9
2025-07-04,30.7,15.3,79.4,76.6,1.861,31.9,31.4,29.6,27.5,28.3,30.6,33.4
2025-07-05,31.6,8.7,76.1,74.7,9.073,30.7,31.9,31.4,29.6,27.5,28.3,30.6
2025-07-06,31.0,11.8,80.2,85.0,0.628,31.6,30.7,31.9,31.4,29.6,27.5,28.3
2025-07-07,28.8,20.8,80.9,79.5,15.186,31.0,31.6,30.7,31.9,31.4,29.6,27.5
2025-07-08,31.8,16.2,73.0,59.4,0.0,28.8,31.0,31.6,30.7,31.9,31.4,29.6
2025-07-09,29.0,16.5,81.4,82.7,30.476,31.8,28.8,31.0,31.6,30.7,31.9,31.4
2025-07-10,26.8,14.8,91.0,89.2,22.489,29.0,31.8,28.8,31.0,31.6,30.7,31.9
2025-07-11,28.9,8.8,84.3,72.6,3.234,26.8,29.0,31.8,28.8,31.0,31.6,30.7
2025-07-12,29.5,14.2,82.7,77.2,10.267,28.9,26.8,29.0,31.8,28.8,31.0,31.6
2025-07-13,29.0,21.8,83.9,89.9,10.277,29.5,28.9,26.8,29.0,31.8,28.8,31.0
2025-07-14,28.2,18.4,87.3,92.4,17.562,29.0,29.5,28.9,26.8,29.0,31.8,28.8
2025-07-15,28.8,18.4,82.3,87.1,0.5,28.2,29.0,29.5,28.9,26.8,29.0,31.8
2025-07-16,29.1,15.3,85.0,74.6,12.767,28.8,28.2,29.0,29.5,28.9,26.8,29.0
2025-07-17,29.3,16.0,80.6,87.9,9.467,29.1,28.8,28.2,29.0,29.5,28.9,26.8
2025-07-18,28.6,19.3,83.6,72.8,6.767,29.3,29.1,28.8,28.2,29.0,29.5,28.9
2025-07-19,29.7,22.9,74.0,59.3,0.0,28.6,29.3,29.1,28.8,28.2,29.0,29.5
2025-07-20,30.8,9.4,70.6,60.8,0.0,29.7,28.6,29.3,29.1,28.8,28.2,29.0
2025-07-21,29.5,10.5,80.5,84.1,0.0,30.8,29.7,28.6,29.3,29.1,28.8,28.2
2025-07-22,28.8,12.3,85.8,83.3,5.059,29.5,30.8,29.7,28.6,29.3,29.1,28.8
2025-07-23,28.7,11.2,86.5,85.6,9.788,28.8,29.5,30.8,29.7,28.6,29.3,29.1
2025-07-24,31.1,16.0,74.6,61.3,0.0,28.7,28.8,29.5,30.8,29.7,28.6,29.3
2025-07-25,32.4,21.7,70.8,54.1,0.037,31.1,28.7,28.8,29.5,30.8,29.7,28.6
2025-07-26,31.4,14.7,72.3,69.2,0.0,32.4,31.1,28.7,28.8,29.5,30.8,29.7
2025-07-27,31.9,14.8,72.2,69.1,0.0,31.4,32.4,31.1,28.7,28.8,29.5,30.8
2025-07-28,31.1,15.4,77.5,79.2,4.095,31.9,31.4,32.4,31.1,28.7,28.8,29.5
2025-07-29,28.4,13.0,90.2,90.1,44.175,31.1,31.9,31.4,32.4,31.1,28.7,28.8
2025-07-30,28.5,18.4,90.2,93.6,19.84,28.4,31.1,31.9,31.4,32.4,31.1,28.7
2025-07-31,27.2,14.1,95.7,96.7,57.008,28.5,28.4,31.1,31.9,31.4,32.4,31.1
2025-08-01,28.5,18.4,85.4,81.8,3.139,27.2,28.5,28.4,31.1,31.9,31.4,32.4
2025-08-02,29.2,18.7,82.6,80.4,0.349,28.5,27.2,28.5,28.4,31.1,31.9,31.4
2025-08-03,29.4,17.8,83.1,90.2,18.141,29.2,28.5,27.2,28.5,28.4,31.1,31.9
2025-08-04,29.9,17.1,77.5,92.4,0.0,29.4,29.2,28.5,27.2,28.5,28.4,31.1
2025-08-05,29.4,15.9,77.7,92.2,0.2,29.9,29.4,29.2,28.5,27.2,28.5,28.4
2025-08-06,30.2,12.8,74.1,78.4,0.0,29.4,29.9,29.4,29.2,28.5,27.2,28.5
2025-08-07,31.0,22.3,70.0,34.9,0.0,30.2,29.4,29.9,29.4,29.2,28.5,27.2
2025-08-08,31.4,21.1,65.0,56.5,0.0,31.0,30.2,29.4,29.9,29.4,29.2,28.5
2025-08-09,26.5,15.9,94.2,96.4,86.269,31.4,31.0,30.2,29.4,29.9,29.4,29.2
2025-08-10,29.5,20.5,79.9,80.4,0.0,26.5,31.4,31.0,30.2,29.4,29.9,29.4
2025-08-11,30.5,21.1,73.1,86.5,0.0,29.5,26.5,31.4,31.0,30.2,29.4,29.9
2025-08-12,29.3,13.6,80.8,79.3,28.926,30.5,29.5,26.5,31.4,31.0,30.2,29.4
2025-08-13,31.0,14.8,72.7,84.8,0.0,29.3,30.5,29.5,26.5,31.4,31.0,30.2
2025-08-14,27.2,14.9,92.0,85.7,92.745,31.0,29.3,30.5,29.5,26.5,31.4,31.0
2025-08-15,28.1,9.9,88.5,83.4,0.314,27.2,31.0,29.3,30.5,29.5,26.5,31.4
2025-08-16,29.6,13.5,83.7,87.4,0.126,28.1,27.2,31.0,29.3,30.5,29.5,26.5
2025-08-17,29.3,13.6,83.2,72.1,0.126,29.6,28.1,27.2,31.0,29.3,30.5,29.5
2025-08-18,30.0,18.4,79.2,68.1,0.112,29.3,29.6,28.1,27.2,31.0,29.3,30.5
2025-08-19,29.9,15.3,79.9,60.6,1.861,30.0,29.3,29.6,28.1,27.2,31.0,29.3
2025-08-20,30.7,21.7,74.8,56.6,0.251,29.9,30.0,29.3,29.6,28.1,27.2,31.0
2025-08-21,30.6,16.6,76.6,57.7,0.063,30.7,29.9,30.0,29.3,29.6,28.1,27.2
2025-08-22,29.7,11.1,82.0,65.9,3.372,30.6,30.7,29.9,30.0,29.3,29.6,28.1
2025-08-23,28.7,14.2,85.3,80.4,31.905,29.7,30.6,30.7,29.9,30.0,29.3,29.6
2025-08-24,28.2,18.4,86.1,85.4,4.139,28.7,29.7,30.6,30.7,29.9,30.0,29.3
2025-08-25,27.4,21.4,89.0,84.4,19.9,28.2,28.7,29.7,30.6,30.7,29.9,30.0
2025-08-26,27.3,20.4,92.2,81.6,13.2,27.4,28.2,28.7,29.7,30.6,30.7,29.9
2025-08-27,27.5,11.1,91.5,81.1,3.6,27.3,27.4,28.2,28.7,29.7,30.6,30.7
2025-08-28,30.0,12.1,82.6,71.8,6.0,27.5,27.3,27.4,28.2,28.7,29.7,30.6
2025-08-29,28.3,17.5,91.1,87.7,13.4,30.0,27.5,27.3,27.4,28.2,28.7,29.7
2025-08-30,29.4,18.4,81.6,63.1,2.5,28.3,30.0,27.5,27.3,27.4,28.2,28.7
2025-08-31,27.8,18.4,85.4,83.8,20.6,29.4,28.3,30.0,27.5,27.3,27.4,28.2
2025-09-01,25.8,20.5,92.3,95.5,49.1,27.8,29.4,28.3,30.0,27.5,27.3,27.4
2025-09-02,26.2,22.3,93.2,94.5,64.9,25.8,27.8,29.4,28.3,30.0,27.5,27.3
2025-09-03,26.5,14.7,90.5,91.8,22.8,26.2,25.8,27.8,29.4,28.3,30.0,27.5
2025-09-04,28.1,13.9,84.9,81.8,9.2,26.5,26.2,25.8,27.8,29.4,28.3,30.0
2025-09-05,28.5,17.5,82.9,74.6,9.7,28.1,26.5,26.2,25.8,27.8,29.4,28.3
2025-09-06,29.7,18.4,77.9,71.1,6.1,28.5,28.1,26.5,26.2,25.8,27.8,29.4
2025-09-07,28.9,16.6,81.7,72.1,4.9,29.7,28.5,28.1,26.5,26.2,25.8,27.8
2025-09-08,30.0,11.2,73.7,57.7,5.2,28.9,29.7,28.5,28.1,26.5,26.2,25.8
2025-09-09,30.3,15.7,76.8,34.1,0.5,30.0,28.9,29.7,28.5,28.1,26.5,26.2
2025-09-10,29.9,21.4,75.9,32.0,0.0,30.3,30.0,28.9,29.7,28.5,28.1,26.5
2025-09-11,29.5,20.3,70.7,35.8,0.0,29.9,30.3,30.0,28.9,29.7,28.5,28.1
2025-09-12,29.5,18.4,69.7,39.0,0.1,29.5,29.9,30.3,30.0,28.9,29.7,28.5
2025-09-13,30.5,13.0,67.0,44.5,0.1,29.5,29.5,29.9,30.3,30.0,28.9,29.7
2025-09-14,30.8,16.6,67.7,45.5,0.0,30.5,29.5,29.5,29.9,30.3,30.0,28.9
2025-09-15,31.0,16.6,64.0,31.6,0.0,30.8,30.5,29.5,29.5,29.9,30.3,30.0
2025-09-16,30.9,11.2,68.1,52.1,0.5,31.0,30.8,30.5,29.5,29.5,29.9,30.3
2025-09-17,29.9,12.1,75.2,52.9,0.9,30.9,31.0,30.8,30.5,29.5,29.5,29.9
2025-09-18,29.1,13.1,79.1,57.5,0.9,29.9,30.9,31.0,30.8,30.5,29.5,29.5
2025-09-19,30.8,16.6,71.2,42.5,0.3,29.1,29.9,30.9,31.0,30.8,30.5,29.5
2025-09-20,30.7,19.4,68.9,25.3,0.0,30.8,29.1,29.9,30.9,31.0,30.8,30.5
2025-09-21,30.2,16.5,66.2,12.0,0.0,30.7,30.8,29.1,29.9,30.9,31.0,30.8
2025-09-22,30.5,15.3,64.5,5.0,0.0,30.2,30.7,30.8,29.1,29.9,30.9,31.0
2025-09-23,30.3,17.0,58.0,0.0,0.0,30.5,30.2,30.7,30.8,29.1,29.9,30.9
2025-09-24,29.8,21.4,61.7,0.0,0.0,30.3,30.5,30.2,30.7,30.8,29.1,29.9
2025-09-25,29.9,16.6,62.9,0.1,0.0,29.8,30.3,30.5,30.2,30.7,30.8,29.1
2025-09-26,30.3,17.5,65.1,0.1,0.0,29.9,29.8,30.3,30.5,30.2,30.7,30.8
2025-09-27,31.9,9.4,63.1,19.9,0.0,30.3,29.9,29.8,30.3,30.5,30.2,30.7
2025-09-28,31.7,18.6,67.4,33.2,0.0,31.9,30.3,29.9,29.8,30.3,30.5,30.2
2025-09-29,31.3,13.0,67.3,17.5,0.2,31.7,31.9,30.3,29.9,29.8,30.3,30.5
2025-09-30,27.8,13.7,82.8,79.6,7.0,31.3,31.7,31.9,30.3,29.9,29.8,30.3
2025-10-01,28.4,9.4,79.7,62.9,0.2,27.8,31.3,31.7,31.9,30.3,29.9,29.8
2025-10-02,28.5,18.4,80.8,60.5,17.1,28.4,27.8,31.3,31.7,31.9,30.3,29.9
2025-10-03,28.4,8.4,78.2,46.9,0.3,28.5,28.4,27.8,31.3,31.7,31.9,30.3
2025-10-04,29.2,16.6,72.9,30.5,0.1,28.4,28.5,28.4,27.8,31.3,31.7,31.9
2025-10-05,28.9,15.7,74.1,19.9,0.0,29.2,28.4,28.5,28.4,27.8,31.3,31.7
2025-10-06,23.5,16.6,88.6,90.4,29.4,28.9,29.2,28.4,28.5,28.4,27.8,31.3
2025-10-07,23.2,18.4,88.1,81.3,20.6,23.5,28.9,29.2,28.4,28.5,28.4,27.8
2025-10-08,22.7,9.4,86.3,61.8,1.2,23.2,23.5,28.9,29.2,28.4,28.5,28.4
2025-10-09,24.1,13.9,77.4,27.8,0.0,22.7,23.2,23.5,28.9,29.2,28.4,28.5
2025-10-10,23.7,11.6,72.5,19.1,0.0,24.1,22.7,23.2,23.5,28.9,29.2,28.4
2025-10-11,24.1,11.2,73.5,22.4,0.0,23.7,24.1,22.7,23.2,23.5,28.9,29.2
2025-10-12,25.3,13.9,70.4,10.9,0.0,24.1,23.7,24.1,22.7,23.2,23.5,28.9
2025-10-13,25.2,8.4,68.2,7.7,0.0,25.3,24.1,23.7,24.1,22.7,23.2,23.5
2025-10-14,25.4,10.3,61.9,0.1,0.0,25.2,25.3,24.1,23.7,24.1,22.7,23.2
2025-10-15,24.9,8.5,62.4,0.5,0.0,25.4,25.2,25.3,24.1,23.7,24.1,22.7
2025-10-16,24.7,9.4,63.8,0.0,0.0,24.9,25.4,25.2,25.3,24.1,23.7,24.1
2025-10-17,25.1,9.4,67.6,0.0,0.0,24.7,24.9,25.4,25.2,25.3,24.1,23.7
2025-10-18,25.9,6.4,68.2,11.3,0.0,25.1,24.7,24.9,25.4,25.2,25.3,24.1
2025-10-19,26.2,6.5,68.8,10.3,0.0,25.9,25.1,24.7,24.9,25.4,25.2,25.3
2025-10-20,26.5,7.6,67.7,5.6,0.0,26.2,25.9,25.1,24.7,24.9,25.4,25.2
2025-10-21,26.7,7.6,66.2,20.2,0.3,26.5,26.2,25.9,25.1,24.7,24.9,25.4
2025-10-22,25.5,11.2,72.0,4.9,0.0,26.7,26.5,26.2,25.9,25.1,24.7,24.9
2025-10-23,24.2,12.1,65.0,0.3,0.0,25.5,26.7,26.5,26.2,25.9,25.1,24.7
2025-10-24,23.5,8.4,63.8,0.0,0.0,24.2,25.5,26.7,26.5,26.2,25.9,25.1
2025-10-25,23.9,7.3,62.3,8.7,0.0,23.5,24.2,25.5,26.7,26.5,26.2,25.9
2025-10-26,24.2,6.4,59.9,2.0,0.0,23.9,23.5,24.2,25.5,26.7,26.5,26.2
2025-10-27,23.4,10.3,67.4,56.1,0.0,24.2,23.9,23.5,24.2,25.5,26.7,26.5
2025-10-28,22.9,7.6,70.1,89.0,0.0,23.4,24.2,23.9,23.5,24.2,25.5,26.7
2025-10-29,23.3,9.4,72.7,81.4,0.0,22.9,23.4,24.2,23.9,23.5,24.2,25.5
2025-10-30,23.7,8.4,80.9,88.9,1.7,23.3,22.9,23.4,24.2,23.9,23.5,24.2
2025-10-31,24.6,8.4,80.7,53.1,0.0,23.7,23.3,22.9,23.4,24.2,23.9,23.5
2025-11-01,23.9,9.4,75.5,11.1,0.0,24.6,23.7,23.3,22.9,23.4,24.2,23.9
2025-11-02,23.2,20.3,63.3,0.0,0.0,23.9,24.6,23.7,23.3,22.9,23.4,24.2
2025-11-03,22.9,14.8,53.6,0.0,0.0,23.2,23.9,24.6,23.7,23.3,22.9,23.4
2025-11-04,23.7,12.1,58.6,25.4,0.0,22.9,23.2,23.9,24.6,23.7,23.3,22.9
2025-11-05,23.9,12.0,67.8,31.9,0.0,23.7,22.9,23.2,23.9,24.6,23.7,23.3
2025-11-06,20.2,16.6,55.0,2.5,0.0,23.9,23.7,22.9,23.2,23.9,24.6,23.7
2025-11-07,19.4,13.0,61.5,0.0,0.0,20.2,23.9,23.7,22.9,23.2,23.9,24.6
2025-11-08,18.7,11.2,55.4,0.0,0.0,19.4,20.2,23.9,23.7,22.9,23.2,23.9
2025-11-09,18.8,13.2,55.4,0.0,0.0,18.7,19.4,20.2,23.9,23.7,22.9,23.2
2025-11-10,18.4,7.9,60.1,0.0,0.0,18.8,18.7,19.4,20.2,23.9,23.7,22.9
2025-11-11,18.5,11.2,60.3,0.0,0.0,18.4,18.8,18.7,19.4,20.2,23.9,23.7
2025-11-12,18.7,13.0,58.5,0.0,0.0,18.5,18.4,18.8,18.7,19.4,20.2,23.9
2025-11-13,17.9,14.8,68.0,0.0,0.0,18.7,18.5,18.4,18.8,18.7,19.4,20.2
2025-11-14,17.7,12.8,59.4,0.0,0.0,17.9,18.7,18.5,18.4,18.8,18.7,19.4
2025-11-15,18.0,11.9,59.9,0.0,0.0,17.7,17.9,18.7,18.5,18.4,18.8,18.7
2025-11-16,17.9,17.5,59.0,0.0,0.0,18.0,17.7,17.9,18.7,18.5,18.4,18.8
2025-11-17,17.5,8.4,59.9,0.0,0.0,17.9,18.0,17.7,17.9,18.7,18.5,18.4
2025-11-18,17.3,10.2,67.4,0.0,0.0,17.5,17.9,18.0,17.7,17.9,18.7,18.5
2025-11-19,18.5,7.6,68.5,4.2,0.0,17.3,17.5,17.9,18.0,17.7,17.9,18.7
2025-11-20,19.0,7.6,70.0,0.0,0.0,18.5,17.3,17.5,17.9,18.0,17.7,17.9
2025-11-21,18.9,6.4,71.2,0.0,0.0,19.0,18.5,17.3,17.5,17.9,18.0,17.7
2025-11-22,18.1,8.4,70.8,0.0,0.0,18.9,19.0,18.5,17.3,17.5,17.9,18.0
2025-11-23,17.7,8.4,68.5,0.0,0.0,18.1,18.9,19.0,18.5,17.3,17.5,17.9
2025-11-24,17.2,7.5,68.2,0.0,0.0,17.7,18.1,18.9,19.0,18.5,17.3,17.5
2025-11-25,16.4,11.2,67.1,0.0,0.0,17.2,17.7,18.1,18.9,19.0,18.5,17.3
2025-11-26,16.2,7.6,63.9,0.0,0.0,16.4,17.2,17.7,18.1,18.9,19.0,18.5
2025-11-27,16.7,6.4,65.4,0.0,0.0,16.2,16.4,17.2,17.7,18.1,18.9,19.0
2025-11-28,16.6,9.5,69.1,20.0,0.0,16.7,16.2,16.4,17.2,17.7,18.1,18.9
2025-11-29,17.5,13.0,61.9,1.6,0.0,16.6,16.7,16.2,16.4,17.2,17.7,18.1
2025-11-30,15.9,16.5,59.4,14.2,0.0,17.5,16.6,16.7,16.2,16.4,17.2,17.7
2025-12-01,15.7,7.6,59.2,0.0,0.0,15.9,17.5,16.6,16.7,16.2,16.4,17.2
2025-12-02,17.1,8.5,61.8,0.9,0.0,15.7,15.9,17.5,16.6,16.7,16.2,16.4
2025-12-03,15.0,14.8,63.7,0.0,0.0,17.1,15.7,15.9,17.5,16.6,16.7,16.2
2025-12-04,13.9,14.8,64.3,9.3,0.0,15.0,17.1,15.7,15.9,17.5,16.6,16.7
2025-12-05,13.8,8.5,64.9,3.4,0.0,13.9,15.0,17.1,15.7,15.9,17.5,16.6
2025-12-06,14.9,18.4,62.8,5.8,0.0,13.8,13.9,15.0,17.1,15.7,15.9,17.5
2025-12-07,15.3,13.0,63.5,17.1,0.0,14.9,13.8,13.9,15.0,17.1,15.7,15.9
2025-12-08,16.4,16.6,60.0,13.9,0.0,15.3,14.9,13.8,13.9,15.0,17.1,15.7
2025-12-09,16.2,15.7,58.1,0.0,0.0,16.4,15.3,14.9,13.8,13.9,15.0,17.1
2025-12-10,16.2,13.8,59.6,6.8,0.0,16.2,16.4,15.3,14.9,13.8,13.9,15.0
2025-12-11,16.1,13.0,66.8,0.0,0.0,16.2,16.2,16.4,15.3,14.9,13.8,13.9
2025-12-12,16.1,6.4,67.4,2.3,0.0,16.1,16.2,16.2,16.4,15.3,14.9,13.8
2025-12-13,16.7,9.4,71.3,20.6,0.0,16.1,16.1,16.2,16.2,16.4,15.3,14.9
2025-12-14,16.4,6.4,80.8,18.8,0.0,16.7,16.1,16.1,16.2,16.2,16.4,15.3
2025-12-15,14.8,10.3,83.1,24.0,0.0,16.4,16.7,16.1,16.1,16.2,16.2,16.4
2025-12-16,15.5,18.6,72.0,0.5,0.0,14.8,16.4,16.7,16.1,16.1,16.2,16.2
2025-12-17,15.6,14.8,73.2,0.0,0.0,15.5,14.8,16.4,16.7,16.1,16.1,16.2
2025-12-18,13.6,9.3,89.5,20.2,0.0,15.6,15.5,14.8,16.4,16.7,16.1,16.1
2025-12-19,13.2,10.2,87.8,31.3,0.0,13.6,15.6,15.5,14.8,16.4,16.7,16.1
2025-12-20,12.0,13.9,89.6,18.8,0.0,13.2,13.6,15.6,15.5,14.8,16.4,16.7
2025-12-21,13.3,9.4,89.6,19.7,0.0,12.0,13.2,13.6,15.6,15.5,14.8,16.4
2025-12-22,14.3,9.4,84.4,21.7,0.0,13.3,12.0,13.2,13.6,15.6,15.5,14.8
2025-12-23,14.4,13.8,84.5,10.5,0.0,14.3,13.3,12.0,13.2,13.6,15.6,15.5
2025-12-24,14.5,18.5,74.1,10.8,0.0,14.4,14.3,13.3,12.0,13.2,13.6,15.6
2025-12-25,14.1,11.2,67.4,5.2,0.0,14.5,14.4,14.3,13.3,12.0,13.2,13.6
2025-12-26,14.4,12.0,73.4,19.5,0.0,14.1,14.5,14.4,14.3,13.3,12.0,13.2
2025-12-27,13.9,10.3,78.0,33.1,0.0,14.4,14.1,14.5,14.4,14.3,13.3,12.0
2025-12-28,13.8,8.5,79.4,7.0,0.0,13.9,14.4,14.1,14.5,14.4,14.3,13.3
2025-12-29,12.9,8.5,88.9,34.3,0.0,13.8,13.9,14.4,14.1,14.5,14.4,14.3
2025-12-30,12.7,9.8,85.0,32.6,0.0,12.9,13.8,13.9,14.4,14.1,14.5,14.4
2025-12-31,11.0,15.7,93.1,40.5,0.0,12.7,12.9,13.8,13.9,14.4,14.1,14.5
2026-01-01,12.8,14.8,88.4,50.1,0.2,11.0,12.7,12.9,13.8,13.9,14.4,14.1
2026-01-02,13.5,14.8,80.5,59.2,0.0,12.8,11.0,12.7,12.9,13.8,13.9,14.4
2026-01-03,12.1,10.3,80.6,72.2,0.0,13.5,12.8,11.0,12.7,12.9,13.8,13.9
2026-01-04,11.7,12.1,83.0,65.1,0.0,12.1,13.5,12.8,11.0,12.7,12.9,13.8
2026-01-05,11.8,10.7,80.2,30.9,0.0,11.7,12.1,13.5,12.8,11.0,12.7,12.9
2026-01-06,10.2,12.9,90.6,38.9,0.0,11.8,11.7,12.1,13.5,12.8,11.0,12.7
2026-01-07,10.6,11.2,84.9,33.1,0.0,10.2,11.8,11.7,12.1,13.5,12.8,11.0
2026-01-08,10.0,11.2,82.1,23.4,0.0,10.6,10.2,11.8,11.7,12.1,13.5,12.8
2026-01-09,11.8,10.2,77.2,42.5,0.0,10.0,10.6,10.2,11.8,11.7,12.1,13.5
2026-01-10,10.5,13.8,78.9,10.8,0.0,11.8,10.0,10.6,10.2,11.8,11.7,12.1
2026-01-11,9.4,14.8,80.2,5.2,0.0,10.5,11.8,10.0,10.6,10.2,11.8,11.7
2026-01-12,9.8,7.6,71.4,3.3,0.0,9.4,10.5,11.8,10.0,10.6,10.2,11.8
2026-01-13,11.2,15.6,70.9,17.7,0.0,9.8,9.4,10.5,11.8,10.0,10.6,10.2
2026-01-14,9.8,16.6,78.0,2.7,0.0,11.2,9.8,9.4,10.5,11.8,10.0,10.6
2026-01-15,9.5,12.1,82.7,10.9,0.0,9.8,11.2,9.8,9.4,10.5,11.8,10.0
2026-01-16,11.9,10.2,71.4,18.9,0.0,9.5,9.8,11.2,9.8,9.4,10.5,11.8
2026-01-17,14.3,7.6,73.1,19.4,0.0,11.9,9.5,9.8,11.2,9.8,9.4,10.5
2026-01-18,15.0,12.1,78.6,25.6,0.0,14.3,11.9,9.5,9.8,11.2,9.8,9.4
2026-01-19,16.4,8.5,69.2,23.2,0.0,15.0,14.3,11.9,9.5,9.8,11.2,9.8
2026-01-20,15.3,11.2,73.8,5.4,0.0,16.4,15.0,14.3,11.9,9.5,9.8,11.2
2026-01-21,15.0,12.1,72.1,0.0,0.0,15.3,16.4,15.0,14.3,11.9,9.5,9.8
2026-01-22,16.5,17.8,68.1,15.2,0.0,15.0,15.3,16.4,15.0,14.3,11.9,9.5
2026-01-23,15.6,18.4,83.7,91.4,27.2,16.5,15.0,15.3,16.4,15.0,14.3,11.9
2026-01-24,12.7,15.7,58.2,36.7,0.8,15.6,16.5,15.0,15.3,16.4,15.0,14.3
2026-01-25,10.9,16.6,68.0,18.3,0.0,12.7,15.6,16.5,15.0,15.3,16.4,15.0
2026-01-26,12.7,8.5,66.5,27.1,0.0,10.9,12.7,15.6,16.5,15.0,15.3,16.4
2026-01-27,13.1,19.5,85.5,68.2,28.0,12.7,10.9,12.7,15.6,16.5,15.0,15.3
2026-01-28,14.4,13.0,90.1,80.2,7.2,13.1,12.7,10.9,12.7,15.6,16.5,15.0
2026-01-29,12.6,12.1,91.1,27.5,0.0,14.4,13.1,12.7,10.9,12.7,15.6,16.5
2026-01-30,13.8,11.2,78.3,28.0,0.0,12.6,14.4,13.1,12.7,10.9,12.7,15.6
2026-01-31,14.3,14.8,80.2,14.0,0.0,13.8,12.6,14.4,13.1,12.7,10.9,12.7
2026-02-01,16.4,12.2,76.0,57.0,20.2,14.3,13.8,12.6,14.4,13.1,12.7,10.9
2026-02-02,13.9,12.0,93.1,44.0,0.0,16.4,14.3,13.8,12.6,14.4,13.1,12.7
2026-02-03,14.4,7.6,79.9,32.2,0.0,13.9,16.4,14.3,13.8,12.6,14.4,13.1
2026-02-04,14.8,13.0,75.9,9.2,0.0,14.4,13.9,16.4,14.3,13.8,12.6,14.4
2026-02-05,15.0,19.5,71.8,7.6,0.0,14.8,14.4,13.9,16.4,14.3,13.8,12.6
2026-02-06,15.9,20.5,68.5,0.0,0.0,15.0,14.8,14.4,13.9,16.4,14.3,13.8
2026-02-07,16.9,21.5,69.7,0.9,0.0,15.9,15.0,14.8,14.4,13.9,16.4,14.3
2026-02-08,16.2,15.3,64.4,6.8,0.0,16.9,15.9,15.0,14.8,14.4,13.9,16.4
2026-02-09,16.7,10.2,63.9,26.0,0.0,16.2,16.9,15.9,15.0,14.8,14.4,13.9
2026-02-10,18.6,13.0,60.8,6.3,0.0,16.7,16.2,16.9,15.9,15.0,14.8,14.4
2026-02-11,19.7,15.6,63.2,11.8,0.0,18.6,16.7,16.2,16.9,15.9,15.0,14.8
2026-02-12,17.1,17.4,67.1,21.2,0.0,19.7,18.6,16.7,16.2,16.9,15.9,15.0
2026-02-13,17.1,13.9,64.9,24.5,0.0,17.1,19.7,18.6,16.7,16.2,16.9,15.9
2026-02-14,17.9,15.6,65.5,4.4,0.0,17.1,17.1,19.7,18.6,16.7,16.2,16.9
2026-02-15,19.1,15.8,64.9,0.0,0.0,17.9,17.1,17.1,19.7,18.6,16.7,16.2
2026-02-16,20.4,10.2,59.7,2.6,0.0,19.1,17.9,17.1,17.1,19.7,18.6,16.7
2026-02-17,21.4,14.8,53.3,3.4,0.0,20.4,19.1,17.9,17.1,17.1,19.7,18.6
2026-02-18,18.1,16.5,74.9,84.8,2.1,21.4,20.4,19.1,17.9,17.1,17.1,19.7
2026-02-19,19.2,11.2,70.8,15.9,0.0,18.1,21.4,20.4,19.1,17.9,17.1,17.1
2026-02-20,20.0,13.9,72.3,0.0,0.0,19.2,18.1,21.4,20.4,19.1,17.9,17.1
2026-02-21,19.9,16.6,68.3,0.0,0.0,20.0,19.2,18.1,21.4,20.4,19.1,17.9
2026-02-22,20.8,12.0,62.4,0.0,0.0,19.9,20.0,19.2,18.1,21.4,20.4,19.1
2026-02-23,21.3,12.1,58.9,2.6,0.0,20.8,19.9,20.0,19.2,18.1,21.4,20.4
2026-02-24,21.0,10.3,61.8,0.0,0.0,21.3,20.8,19.9,20.0,19.2,18.1,21.4
2026-02-25,20.9,14.8,60.0,0.0,0.0,21.0,21.3,20.8,19.9,20.0,19.2,18.1
2026-02-26,21.5,20.5,58.0,0.0,0.0,20.9,21.0,21.3,20.8,19.9,20.0,19.2
2026-02-27,22.4,12.0,52.0,3.6,0.0,21.5,20.9,21.0,21.3,20.8,19.9,20.0
2026-02-28,24.3,13.9,49.0,9.0,0.0,22.4,21.5,20.9,21.0,21.3,20.8,19.9
2026-03-01,22.3,18.4,58.6,0.0,0.0,24.3,22.4,21.5,20.9,21.0,21.3,20.8
2026-03-02,22.4,20.5,60.8,0.0,0.0,22.3,24.3,22.4,21.5,20.9,21.0,21.3
2026-03-03,22.6,21.5,58.9,0.0,0.0,22.4,22.3,24.3,22.4,21.5,20.9,21.0
2026-03-04,23.7,18.4,57.3,0.0,0.0,22.6,22.4,22.3,24.3,22.4,21.5,20.9
2026-03-05,25.0,17.4,58.6,0.0,0.0,23.7,22.6,22.4,22.3,24.3,22.4,21.5
2026-03-06,25.5,15.6,57.2,0.0,0.0,25.0,23.7,22.6,22.4,22.3,24.3,22.4
2026-03-07,26.2,10.2,56.8,0.0,0.0,25.5,25.0,23.7,22.6,22.4,22.3,24.3
2026-03-08,26.5,14.8,54.0,1.4,0.0,26.2,25.5,25.0,23.7,22.6,22.4,22.3
2026-03-09,26.2,13.9,65.0,6.3,0.0,26.5,26.2,25.5,25.0,23.7,22.6,22.4
2026-03-10,26.8,12.1,59.8,0.5,0.0,26.2,26.5,26.2,25.5,25.0,23.7,22.6
2026-03-11,27.5,16.5,51.3,2.2,0.0,26.8,26.2,26.5,26.2,25.5,25.0,23.7
2026-03-12,26.8,19.4,47.3,13.5,0.0,27.5,26.8,26.2,26.5,26.2,25.5,25.0
2026-03-13,25.2,18.4,59.4,17.0,0.0,26.8,27.5,26.8,26.2,26.5,26.2,25.5
2026-03-14,25.0,11.2,49.1,16.2,0.0,25.2,26.8,27.5,26.8,26.2,26.5,26.2
2026-03-15,24.0,18.4,53.2,17.6,1.6,25.0,25.2,26.8,27.5,26.8,26.2,26.5
2026-03-16,23.9,20.3,51.5,5.4,0.0,24.0,25.0,25.2,26.8,27.5,26.8,26.2
2026-03-17,23.6,12.0,55.5,9.3,0.0,23.9,24.0,25.0,25.2,26.8,27.5,26.8
2026-03-18,24.0,24.7,60.8,21.4,2.9,23.6,23.9,24.0,25.0,25.2,26.8,27.5
2026-03-19,21.5,17.5,75.4,41.3,0.5,24.0,23.6,23.9,24.0,25.0,25.2,26.8
2026-03-20,18.3,14.8,87.7,36.4,16.8,21.5,24.0,23.6,23.9,24.0,25.0,25.2
2026-03-21,20.4,13.0,72.8,8.2,0.0,18.3,21.5,24.0,23.6,23.9,24.0,25.0
2026-03-22,22.5,16.6,61.5,6.0,0.0,20.4,18.3,21.5,24.0,23.6,23.9,24.0
2026-03-23,23.2,13.0,64.5,20.7,0.9,22.5,20.4,18.3,21.5,24.0,23.6,23.9
2026-03-24,24.6,18.4,59.6,3.3,0.0,23.2,22.5,20.4,18.3,21.5,24.0,23.6
2026-03-25,25.3,14.8,55.0,10.1,0.0,24.6,23.2,22.5,20.4,18.3,21.5,24.0
2026-03-26,27.7,27.7,45.4,19.3,0.0,25.3,24.6,23.2,22.5,20.4,18.3,21.5
2026-03-27,25.6,18.4,53.4,31.6,0.3,27.7,25.3,24.6,23.2,22.5,20.4,18.3
2026-03-28,26.5,11.2,48.8,5.4,0.0,25.6,27.7,25.3,24.6,23.2,22.5,20.4
2026-03-29,28.5,20.5,45.2,20.6,0.2,26.5,25.6,27.7,25.3,24.6,23.2,22.5
2026-03-30,27.2,18.4,49.4,33.6,0.0,28.5,26.5,25.6,27.7,25.3,24.6,23.2
2026-03-31,24.8,22.3,59.1,36.4,0.1,27.2,28.5,26.5,25.6,27.7,25.3,24.6
2026-04-01,26.4,11.2,52.1,19.6,0.0,24.8,27.2,28.5,26.5,25.6,27.7,25.3
2026-04-02,29.5,11.2,41.9,18.3,0.0,26.4,24.8,27.2,28.5,26.5,25.6,27.7
2026-04-03,26.3,20.0,55.3,36.5,0.0,29.5,26.4,24.8,27.2,28.5,26.5,25.6
2026-04-04,25.4,16.6,60.0,39.5,0.6,26.3,29.5,26.4,24.8,27.2,28.5,26.5
2026-04-05,26.2,14.8,50.7,25.9,0.0,25.4,26.3,29.5,26.4,24.8,27.2,28.5
2026-04-06,26.0,14.8,45.3,17.0,0.0,26.2,25.4,26.3,29.5,26.4,24.8,27.2
2026-04-07,22.1,37.1,65.0,35.7,7.5,26.0,26.2,25.4,26.3,29.5,26.4,24.8
2026-04-08,21.5,18.4,68.8,30.9,8.3,22.1,26.0,26.2,25.4,26.3,29.5,26.4
2026-04-09,23.7,14.8,54.3,14.7,0.0,21.5,22.1,26.0,26.2,25.4,26.3,29.5
2026-04-10,25.0,29.5,41.9,0.0,0.0,23.7,21.5,22.1,26.0,26.2,25.4,26.3
2026-04-11,27.4,18.4,33.9,15.3,0.0,25.0,23.7,21.5,22.1,26.0,26.2,25.4
2026-04-12,28.1,18.4,34.9,8.1,0.0,27.4,25.0,23.7,21.5,22.1,26.0,26.2
2026-04-13,28.0,18.4,29.5,2.1,0.0,28.1,27.4,25.0,23.7,21.5,22.1,26.0
2026-04-14,30.3,16.0,27.7,4.8,0.0,28.0,28.1,27.4,25.0,23.7,21.5,22.1
2026-04-15,31.4,20.5,24.8,3.8,0.0,30.3,28.0,28.1,27.4,25.0,23.7,21.5
2026-04-16,32.2,16.6,27.0,1.5,0.0,31.4,30.3,28.0,28.1,27.4,25.0,23.7
2026-04-17,30.9,22.3,33.7,31.7,0.0,32.2,31.4,30.3,28.0,28.1,27.4,25.0
2026-04-18,30.8,13.0,43.2,7.3,0.0,30.9,32.2,31.4,30.3,28.0,28.1,27.4
2026-04-19,32.1,20.5,34.7,9.9,0.4,30.8,30.9,32.2,31.4,30.3,28.0,28.1
2026-04-20,31.9,18.4,28.7,0.5,0.0,32.1,30.8,30.9,32.2,31.4,30.3,28.0
2026-04-21,31.8,18.4,26.3,1.1,0.0,31.9,32.1,30.8,30.9,32.2,31.4,30.3
2026-04-22,33.0,18.4,26.9,0.0,0.0,31.8,31.9,32.1,30.8,30.9,32.2,31.4
2026-04-23,34.0,22.3,22.7,0.0,0.0,33.0,31.8,31.9,32.1,30.8,30.9,32.2
2026-04-24,34.8,18.4,26.5,3.7,0.0,34.0,33.0,31.8,31.9,32.1,30.8,30.9
2026-04-25,35.6,18.4,28.7,34.9,0.0,34.8,34.0,33.0,31.8,31.9,32.1,30.8
2026-04-26,35.5,22.3,27.0,27.6,0.0,35.6,34.8,34.0,33.0,31.8,31.9,32.1
2026-04-27,37.3,24.1,18.9,23.6,0.0,35.5,35.6,34.8,34.0,33.0,31.8,31.9
2026-04-28,37.4,30.2,18.8,69.6,0.8,37.3,35.5,35.6,34.8,34.0,33.0,31.8
2026-04-29,35.6,24.8,22.8,55.9,2.1,37.4,37.3,35.5,35.6,34.8,34.0,33.0
2026-04-30,33.1,47.2,29.0,39.5,0.5,35.6,37.4,37.3,35.5,35.6,34.8,34.0
2026-05-01,32.7,26.3,32.6,5.1,0.0,33.1,35.6,37.4,37.3,35.5,35.6,34.8
2026-05-02,33.9,27.8,31.1,13.0,0.2,32.7,33.1,35.6,37.4,37.3,35.5,35.6
2026-05-03,33.6,32.8,32.3,13.2,0.1,33.9,32.7,33.1,35.6,37.4,37.3,35.5
2026-05-04,34.3,26.9,28.1,14.1,0.0,33.6,33.9,32.7,33.1,35.6,37.4,37.3
2026-05-05,31.5,45.0,35.4,51.3,0.4,34.3,33.6,33.9,32.7,33.1,35.6,37.4
2026-05-06,30.3,46.1,37.7,57.3,0.0,31.5,34.3,33.6,33.9,32.7,33.1,35.6
2026-05-07,31.0,17.3,35.6,43.1,2.4,30.3,31.5,34.3,33.6,33.9,32.7,33.1
2026-05-08,31.5,19.8,35.4,45.6,0.3,31.0,30.3,31.5,34.3,33.6,33.9,32.7
2026-05-09,33.7,11.5,28.0,0.5,0.0,31.5,31.0,30.3,31.5,34.3,33.6,33.9
2026-05-10,37.3,17.3,20.3,16.2,0.0,33.7,31.5,31.0,30.3,31.5,34.3,33.6
2026-05-11,33.8,15.1,29.0,84.0,4.3,37.3,33.7,31.5,31.0,30.3,31.5,34.3
2026-05-12,33.4,25.6,37.8,31.4,1.0,33.8,37.3,33.7,31.5,31.0,30.3,31.5
